Provincia,departamento,Jardines,Poblacion Jardin,primarias,poblacion_primaria,secundarios,poblacion_secundaria,poblacion_total
Buenos Aires,ITUZAINGO,63.0,10707,45.0,17692,49.0,16004,177983
Buenos Aires,SAN PEDRO,41.0,5781,42.0,8283,24.0,7113,68353
Buenos Aires,ZARATE,57.0,9976,45.0,15431,37.0,13300,131415
Buenos Aires,TRES DE FEBRERO,140.0,21166,87.0,33616,80.0,30170,362319
Buenos Aires,LEANDRO N. ALEM,20.0,1361,15.0,1838,7.0,1700,17153
Buenos Aires,CHACABUCO,44.0,3518,37.0,5344,19.0,4811,52409
Buenos Aires,FLORENCIO VARELA,101.0,44663,98.0,64455,102.0,52426,488103
Buenos Aires,CORONEL DE MARINA L ROSALES,28.0,4705,27.0,7353,19.0,6424,65823
Buenos Aires,LEZAMA,6.0,443,11.0,639,3.0,570,6170
Buenos Aires,GENERAL ARENALES,20.0,1212,11.0,1535,10.0,1404,16231
Buenos Aires,PINAMAR,16.0,3043,10.0,4519,9.0,3979,39224
Catamarca,BELEN,43.0,2482,55.0,3513,25.0,3350,30353
Catamarca,EL ALTO,19.0,394,27.0,517,10.0,485,4375
Catamarca,CAPAYAN,26.0,1697,29.0,2244,12.0,2043,19471
Catamarca,ANCASTI,9.0,243,28.0,334,5.0,322,3282
Córdoba,PUNILLA,78.0,15214,82.0,22996,54.0,19945,219494
Córdoba,SAN ALBERTO,49.0,3328,54.0,4666,22.0,3958,42029
Córdoba,TULUMBA,32.0,1158,41.0,1454,7.0,1262,14092
Córdoba,SOBREMONTE,9.0,345,14.0,468,3.0,474,4381
Corrientes,BELLA VISTA,37.0,4397,35.0,5598,10.0,4349,44369
Corrientes,MERCEDES,36.0,4965,36.0,6120,14.0,4682,49807
Corrientes,SAN ROQUE,23.0,2171,24.0,2726,7.0,2356,22682
Corrientes,ITUZAINGO,26.0,3816,30.0,4878,8.0,4073,38767
Chaco,GENERAL BELGRANO,6.0,1411,13.0,1698,3.0,1470,12807
Chaco,TAPENAGA,3.0,394,6.0,505,5.0,442,4051
Chaco,MAIPU,22.0,2701,52.0,3468,11.0,2776,26354
Chubut,TELSEN,1.0,117,2.0,167,4.0,151,1608
Chubut,FLORENTINO AMEGHINO,1.0,175,1.0,221,1.0,157,1782
Entre Ríos,CONCORDIA,114.0,17901,90.0,24910,38.0,19760,197603
Entre Ríos,GUALEGUAY,49.0,4529,56.0,6359,20.0,5287,56796
Entre Ríos,COLON,57.0,5907,52.0,8095,22.0,6808,74890
Jujuy,DOCTOR MANUEL BELGRANO,131.0,23048,86.0,36369,60.0,29775,319469
Jujuy,EL CARMEN,47.0,11018,41.0,15576,25.0,12999,122259
Jujuy,SAN ANTONIO,6.0,539,6.0,820,2.0,617,6729
Jujuy,VALLE GRANDE,5.0,194,7.0,332,4.0,273,2490
Jujuy,SUSQUES,3.0,439,4.0,604,7.0,483,3966
Jujuy,YAVI,22.0,2367,19.0,3247,5.0,2798,25831
La Pampa,MARACO,26.0,5292,25.0,7633,21.0,6334,69067
La Pampa,LA PAMPA CAPITAL,72.0,8258,42.0,12927,36.0,10902,118504
La Pampa,TOAY,7.0,1540,7.0,2436,4.0,1773,17927
La Pampa,ATREUCO,8.0,769,8.0,1146,6.0,1002,11053
La Rioja,LA RIOJA CAPITAL,99.0,15697,84.0,23293,43.0,20533,210507
La Rioja,ARAUCO,15.0,1353,13.0,1915,9.0,1593,16251
La Rioja,FAMATINA,13.0,479,14.0,757,5.0,711,6984
La Rioja,CASTRO BARROS,6.0,409,7.0,626,3.0,511,5810
Mendoza,GUAYMALLEN,109.0,25349,86.0,36996,45.0,29798,320871
Misiones,MISIONES CAPITAL,138.0,33142,118.0,47460,45.0,37696,391498
Misiones,OBERA,96.0,11680,105.0,16152,56.0,12528,120703
Misiones,CONCEPCION,14.0,1087,20.0,1384,2.0,1152,10303
Neuquén,CATAN LIL,6.0,220,7.0,368,0.0,258,2641
Neuquén,LOS LAGOS,9.0,1136,8.0,1861,5.0,1466,15502
Río Negro,GENERAL ROCA,174.0,29296,165.0,43425,85.0,35515,379627
Río Negro,25 DE MAYO,11.0,1353,12.0,1877,7.0,1607,16555
Río Negro,AVELLANEDA,24.0,3407,29.0,4940,11.0,4126,41160
Río Negro,ÑORQUINCO,2.0,113,2.0,141,3.0,127,1452
Río Negro,9 DE JULIO,9.0,274,7.0,408,3.0,321,3682
Salta,SALTA CAPITAL,200.0,47812,157.0,72054,116.0,59245,624003
Salta,ANTA,57.0,7052,56.0,9429,20.0,7601,69442
Salta,LOS ANDES,4.0,875,3.0,1130,3.0,923,7182
Salta,CACHI,16.0,832,16.0,1236,5.0,883,8928
Salta,RIVADAVIA,65.0,5048,69.0,6427,14.0,4929,38062
Salta,METAN,30.0,4326,27.0,5695,12.0,4488,48028
Salta,LA VIÑA,8.0,760,9.0,1108,3.0,909,8888
San Juan,IGLESIA,11.0,819,14.0,1084,11.0,908,8826
San Juan,CAUCETE,23.0,4319,26.0,5636,20.0,5029,44017
Santa Fe,ROSARIO,372.0,97904,340.0,136909,230.0,111326,1337958
Santa Fe,CASTELLANOS,135.0,15092,124.0,20593,51.0,17437,189464
Santiago del Estero,RIVADAVIA,12.0,487,16.0,649,3.0,539,5314
Santiago del Estero,ALBERDI,35.0,2298,56.0,2854,22.0,2369,20104
Santiago del Estero,ATAMISQUI,25.0,1520,25.0,2168,13.0,1880,14894
Santiago del Estero,FIGUEROA,52.0,2127,67.0,2803,33.0,2471,20246
Santiago del Estero,LORETO,53.0,2243,47.0,3051,30.0,2561,24047
Tucumán,CRUZ ALTA,94.0,21071,75.0,29374,52.0,23883,227688
Tucumán,TAFI DEL VALLE,8.0,1828,6.0,2606,8.0,2135,22382
Buenos Aires,LA MATANZA,377.0,157034,333.0,225872,334.0,181212,1837168
Buenos Aires,SAN VICENTE,31.0,9859,30.0,14032,20.0,10952,97929
Buenos Aires,TANDIL,89.0,9785,60.0,14723,37.0,12884,144678
Buenos Aires,LA PLATA,274.0,52075,199.0,77998,199.0,67326,756074
Buenos Aires,BOLIVAR,47.0,2830,37.0,3857,15.0,3206,37194
Buenos Aires,GENERAL JUAN MADARIAGA,30.0,1548,23.0,2637,11.0,2375,22566
Buenos Aires,DAIREAUX,23.0,1395,20.0,1986,10.0,1828,18328
Buenos Aires,CHIVILCOY,56.0,4906,50.0,7181,22.0,6479,70554
Buenos Aires,AVELLANEDA,152.0,22784,93.0,37082,78.0,32476,366117
Buenos Aires,TAPALQUE,22.0,873,22.0,1125,5.0,1059,10695
Buenos Aires,ADOLFO ALSINA,29.0,1292,23.0,1697,12.0,1437,17344
Buenos Aires,PELLEGRINI,11.0,662,6.0,831,3.0,610,7112
Buenos Aires,MERLO,114.0,48007,120.0,71541,123.0,59718,581484
Buenos Aires,LINCOLN,53.0,3480,41.0,4674,18.0,4080,45191
Buenos Aires,FLORENTINO AMEGHINO,13.0,876,9.0,1275,7.0,1107,10759
Buenos Aires,SALLIQUELO,10.0,653,5.0,963,4.0,846,9344
Catamarca,AMBATO,12.0,374,18.0,439,5.0,401,5087
Catamarca,SANTA MARIA,27.0,2179,32.0,2998,25.0,2619,26822
Corrientes,CURUZU CUATIA,44.0,4649,49.0,6209,14.0,5270,51489
Corrientes,CORRIENTES CAPITAL,171.0,35160,89.0,47808,55.0,40759,437446
Corrientes,ESQUINA,48.0,3662,54.0,4809,14.0,4256,39168
Corrientes,MONTE CASEROS,29.0,4116,34.0,5486,7.0,4434,45602
Chaco,ALMIRANTE BROWN,35.0,4089,58.0,5089,12.0,4604,37794
Chaco,9 DE JULIO,26.0,2987,44.0,3572,10.0,3053,30223
Chaco,MAYOR LUIS J FONTANA,37.0,5880,43.0,7600,15.0,5872,59798
Chubut,SARMIENTO,11.0,1344,8.0,1995,4.0,1510,14477
Chubut,PASO DE INDIOS,3.0,137,3.0,191,3.0,147,1882
Entre Ríos,FEDERAL,53.0,2629,56.0,3327,13.0,2784,29436
Entre Ríos,VICTORIA,50.0,3123,46.0,4259,28.0,3629,40301
Entre Ríos,URUGUAY,93.0,8632,96.0,12543,42.0,10989,115516
Jujuy,LEDESMA,30.0,8147,24.0,11518,16.0,9498,94132
La Pampa,QUEMU QUEMU,5.0,600,7.0,825,5.0,807,8404
La Pampa,CATRILO,5.0,648,6.0,1019,4.0,794,8225
La Pampa,PUELEN,8.0,1095,8.0,1576,6.0,1178,11636
La Rioja,INDEPENDENCIA,8.0,209,10.0,291,8.0,257,2399
Mendoza,MENDOZA CAPITAL,80.0,8283,62.0,11563,58.0,9394,123715
Mendoza,GODOY CRUZ,92.0,13392,67.0,19838,30.0,16701,194557
Mendoza,LAS HERAS,81.0,19700,54.0,28992,27.0,23685,233839
Mendoza,SAN MARTIN,82.0,11642,62.0,17257,23.0,13262,139406
Neuquén,ZAPALA,26.0,3426,27.0,5480,5.0,4533,45540
Neuquén,LONCOPUE,1.0,675,5.0,927,1.0,729,7696
Río Negro,EL CUY,6.0,545,7.0,901,8.0,675,6960
Río Negro,BARILOCHE,88.0,11266,69.0,17315,45.0,13885,161443
Río Negro,PICHI MAHUIDA,9.0,1344,10.0,1943,3.0,1439,16493
Río Negro,SAN ANTONIO,18.0,2730,15.0,4166,8.0,3416,35473
Salta,ROSARIO DE LA FRONTERA,34.0,2966,32.0,4146,7.0,3302,33750
Salta,GENERAL GUEMES,32.0,4858,27.0,6917,8.0,5526,55746
Salta,SANTA VICTORIA,18.0,909,20.0,1436,6.0,1218,9411
San Juan,RIVADAVIA,35.0,8399,35.0,11692,17.0,9610,101334
San Juan,ZONDA,2.0,679,2.0,881,2.0,729,6674
Santa Fe,GENERAL OBLIGADO,131.0,17202,155.0,22397,65.0,19095,197533
Santa Fe,CONSTITUCION,43.0,6793,45.0,9370,27.0,8501,93000
Santa Fe,SAN JERONIMO,57.0,6707,64.0,9086,24.0,7615,84617
Santiago del Estero,MORENO,46.0,4608,72.0,5635,24.0,5178,40352
Santiago del Estero,SANTIAGO DEL ESTERO CAPITAL,149.0,26352,112.0,37231,90.0,30377,328824
Santiago del Estero,GENERAL TABOADA,44.0,4772,52.0,6042,12.0,5394,46304
Santiago del Estero,ROBLES,46.0,5435,38.0,7173,21.0,5982,53879
Santiago del Estero,SARMIENTO,10.0,533,17.0,722,8.0,624,5034
Tucumán,GRANEROS,30.0,1434,29.0,1880,24.0,1613,15539
Tucumán,LEALES,72.0,5678,72.0,7892,50.0,6716,66352
Buenos Aires,LUJAN,69.0,8352,49.0,12341,37.0,10388,110111
Buenos Aires,LOBERIA,34.0,1302,30.0,1865,10.0,1638,18106
Buenos Aires,SAN MIGUEL,102.0,24752,92.0,37035,93.0,30653,327650
Buenos Aires,CHASCOMUS,33.0,3167,38.0,4976,18.0,4223,42191
Buenos Aires,GENERAL LA MADRID,21.0,866,16.0,1263,8.0,980,11535
Buenos Aires,DOLORES,20.0,2569,22.0,3369,9.0,2998,31405
Buenos Aires,BALCARCE,47.0,3638,38.0,5070,20.0,4268,48516
Buenos Aires,PUNTA INDIO,16.0,936,14.0,1384,6.0,1047,12161
Buenos Aires,GENERAL VIAMONTE,25.0,1801,18.0,2538,9.0,2039,22530
Buenos Aires,CAÑUELAS,34.0,6225,38.0,9538,30.0,7497,70542
Buenos Aires,BRAGADO,28.0,3360,22.0,4807,16.0,4203,46227
Buenos Aires,SAN ANTONIO DE ARECO,34.0,2120,18.0,2873,10.0,2569,26695
Buenos Aires,ROJAS,31.0,1851,23.0,2724,9.0,2362,25619
Buenos Aires,ROQUE PEREZ,29.0,1104,25.0,1572,6.0,1316,13901
Buenos Aires,RAUCH,22.0,1197,24.0,1761,7.0,1519,16491
Buenos Aires,SALTO,30.0,3175,20.0,4405,14.0,3794,39257
Buenos Aires,MARCOS PAZ,29.0,5973,24.0,8477,18.0,7148,64761
Buenos Aires,GENERAL ALVARADO,30.0,3570,20.0,4822,19.0,4254,45307
Buenos Aires,COLON,22.0,2014,16.0,2851,11.0,2561,27406
Buenos Aires,PILA,13.0,408,15.0,592,2.0,441,4615
Buenos Aires,LAS FLORES,24.0,1982,39.0,2771,10.0,2543,27136
Buenos Aires,ALBERTI,18.0,904,13.0,1378,6.0,1198,12906
Buenos Aires,SAN CAYETANO,10.0,615,10.0,865,3.0,747,8918
Buenos Aires,MONTE HERMOSO,8.0,596,3.0,942,3.0,782,8444
Buenos Aires,VILLA GESELL,15.0,2583,12.0,4267,12.0,3801,37325
Córdoba,CALAMUCHITA,54.0,5902,65.0,8474,28.0,7104,75462
Córdoba,COLON,97.0,24253,97.0,34951,64.0,29481,294511
Córdoba,RIO CUARTO,142.0,21670,154.0,28900,86.0,24194,277979
Córdoba,MINAS,20.0,371,25.0,499,9.0,454,4855
Córdoba,RIO SECO,29.0,1324,37.0,1890,8.0,1619,15275
Corrientes,GENERAL ALVEAR,10.0,873,12.0,1086,2.0,936,9051
Chaco,INDEPENDENCIA,16.0,2318,28.0,3020,4.0,2776,21948
Chaco,LIBERTAD,13.0,1282,11.0,1682,5.0,1357,13775
Chaco,GENERAL GUEMES,66.0,6921,182.0,9486,57.0,7565,68429
Chaco,LIBERTADOR GENERAL SAN MARTIN,42.0,6514,77.0,8406,17.0,6903,65304
Chaco,SARGENTO CABRAL,8.0,1769,22.0,2286,2.0,1912,18696
Chubut,LANGUIÑEO,3.0,236,2.0,297,5.0,269,2862
Chubut,GAIMAN,12.0,998,9.0,1396,8.0,1244,12505
Chubut,MARTIRES,1.0,64,1.0,74,1.0,54,744
Entre Ríos,FEDERACION,66.0,6876,76.0,9326,25.0,7362,78264
Entre Ríos,TALA,39.0,2477,47.0,3601,13.0,2963,31091
Formosa,LAISHI,17.0,1725,19.0,2496,12.0,2230,19275
Jujuy,RINCONADA,4.0,170,4.0,292,6.0,187,1797
La Pampa,RANCUL,10.0,853,11.0,1281,9.0,1164,11090
La Pampa,LIHUEL CALEL,1.0,39,1.0,52,1.0,44,428
La Rioja,GENERAL ANGEL V PEÑALOZA,10.0,255,16.0,392,10.0,296,3184
La Rioja,ROSARIO VERA PEÑALOZA,21.0,1310,34.0,1900,20.0,1616,15764
Mendoza,GENERAL ALVEAR,56.0,4069,43.0,6260,12.0,4846,52379
Mendoza,JUNIN,40.0,3662,27.0,5299,11.0,4319,46472
Mendoza,LA PAZ,13.0,1018,11.0,1499,3.0,1108,12018
Mendoza,LAVALLE,56.0,4526,40.0,6674,15.0,5019,47086
Misiones,25 DE MAYO,45.0,3369,67.0,4288,32.0,3286,30877
Misiones,ELDORADO,61.0,8721,68.0,12100,17.0,9635,91133
Misiones,CAINGUAS,86.0,6425,95.0,8762,55.0,6766,59875
Salta,ORAN,69.0,16651,59.0,22746,22.0,18047,159715
Salta,IRUYA,3.0,676,4.0,930,2.0,785,6116
Salta,CAFAYATE,11.0,1430,10.0,2378,5.0,1887,17822
Salta,CHICOANA,19.0,2069,18.0,3014,4.0,2568,24715
San Juan,VALLE FERTIL,19.0,772,21.0,963,20.0,801,8425
San Luis,GENERAL JUAN MARTIN DE PUEYRREDON,104.0,19681,102.0,28921,94.0,27055,260769
San Luis,GOBERNADOR DUPUY,13.0,1283,14.0,1708,17.0,1593,14334
Santa Cruz,CORPEN AIKE,5.0,1456,4.0,1949,6.0,1497,15035
Santa Cruz,DESEADO,37.0,10716,44.0,16156,30.0,13468,126266
Santa Fe,SAN CRISTOBAL,111.0,5906,111.0,8274,42.0,6990,72593
Santa Fe,SAN JAVIER,35.0,3076,40.0,4011,13.0,3004,33180
Santiago del Estero,BELGRANO,7.0,1033,12.0,1293,5.0,1074,10809
Tucumán,FAMAILLA,25.0,4239,23.0,5489,16.0,4607,42669
Tucumán,CHICLIGASTA,47.0,7651,41.0,10719,28.0,8977,92308
Tierra del Fuego,USHUAIA,27.0,6135,25.0,8898,18.0,7210,80009
Buenos Aires,GENERAL PUEYRREDON,228.0,41427,169.0,62565,169.0,57730,660569
Buenos Aires,GENERAL SAN MARTIN,128.0,28038,96.0,44539,93.0,39634,444503
Buenos Aires,CAMPANA,63.0,8120,42.0,12587,42.0,10846,107976
Buenos Aires,VILLARINO,38.0,2586,35.0,3677,15.0,3288,32552
Buenos Aires,MONTE,25.0,1922,18.0,3031,10.0,2380,24616
Buenos Aires,CARLOS TEJEDOR,27.0,1107,19.0,1557,9.0,1266,14007
Buenos Aires,GENERAL VILLEGAS,39.0,2797,32.0,4006,16.0,3428,35055
Buenos Aires,BRANDSEN,24.0,2588,22.0,3997,16.0,3510,32350
Buenos Aires,GENERAL PAZ,19.0,1095,25.0,1705,6.0,1390,14141
Buenos Aires,RIVADAVIA,19.0,1734,20.0,2317,10.0,1873,19735
Buenos Aires,OLAVARRIA,84.0,8554,73.0,13055,42.0,11526,122011
Buenos Aires,ESTEBAN ECHEVERRIA,80.0,27670,71.0,41112,70.0,34241,337880
Buenos Aires,TIGRE,149.0,32611,111.0,51961,109.0,45401,446291
Buenos Aires,EXALTACION DE LA CRUZ,22.0,3424,21.0,4920,14.0,3860,40036
Buenos Aires,LAPRIDA,20.0,901,15.0,1366,5.0,1152,11496
Buenos Aires,GUAMINI,27.0,822,18.0,1189,8.0,1063,11662
Buenos Aires,CASTELLI,13.0,760,17.0,1013,3.0,904,9551
Córdoba,POCHO,21.0,377,28.0,472,5.0,471,5070
Córdoba,SAN JAVIER,49.0,4809,52.0,7043,19.0,5838,62700
Córdoba,JUAREZ CELMAN,48.0,5605,55.0,7504,22.0,6295,68317
Corrientes,MBURUCUYA,13.0,1002,16.0,1317,3.0,1230,11541
Corrientes,ITATI,11.0,1136,11.0,1491,6.0,1164,11946
Chaco,O HIGGINS,26.0,2090,33.0,3018,4.0,2575,21544
Chaco,SAN LORENZO,15.0,1707,30.0,2119,2.0,1694,16045
Chaco,CHACABUCO,25.0,3114,33.0,4114,10.0,3194,34493
Chubut,RAWSON,86.0,10491,49.0,15641,27.0,13427,144420
Chubut,BIEDMA,45.0,8111,27.0,12244,17.0,10407,102806
Entre Ríos,SAN SALVADOR,21.0,1743,19.0,2487,5.0,2170,20786
Entre Ríos,FELICIANO,28.0,1461,30.0,2002,10.0,1752,16717
Jujuy,HUMAHUACA,23.0,1752,25.0,2892,19.0,2366,20877
Jujuy,TUMBAYA,11.0,375,11.0,631,5.0,468,5298
Jujuy,COCHINOCA,14.0,1322,14.0,2002,8.0,1782,14998
La Pampa,REALICO,9.0,1232,12.0,1924,11.0,1672,17356
La Pampa,LIMAY MAHUIDA,2.0,33,2.0,46,1.0,24,413
La Pampa,GUATRACHE,5.0,690,7.0,894,6.0,827,9397
La Rioja,CHILECITO,34.0,4579,31.0,7038,17.0,6402,58681
Mendoza,SAN RAFAEL,162.0,17237,130.0,24756,51.0,19958,213204
Mendoza,MALARGUE,29.0,2811,22.0,4345,12.0,3426,32596
Misiones,MONTECARLO,33.0,3674,36.0,5313,15.0,4258,38620
Misiones,CANDELARIA,24.0,3758,30.0,4979,10.0,3937,34945
Neuquén,ÑORQUIN,8.0,440,10.0,646,2.0,522,5572
Neuquén,CONFLUENCIA,155.0,34739,153.0,52500,69.0,42174,467217
Neuquén,LACAR,20.0,2801,19.0,4460,7.0,3818,39567
Salta,GENERAL JOSE DE SAN MARTIN,76.0,19509,77.0,25874,34.0,20452,177448
Salta,GUACHIPAS,7.0,314,10.0,403,2.0,332,3491
San Juan,RAWSON,37.0,11959,49.0,16891,23.0,14120,136582
San Juan,SARMIENTO,23.0,2876,26.0,3853,20.0,3304,27188
San Juan,9 DE JULIO,5.0,1295,5.0,1704,2.0,1390,12498
San Luis,LIBERTADOR GRL SAN MARTIN,10.0,327,27.0,445,34.0,444,4691
San Luis,CHACABUCO,13.0,1946,23.0,2742,23.0,2612,26522
San Luis,GENERAL PEDERNERA,60.0,11922,64.0,17217,58.0,15346,148671
Santa Cruz,MAGALLANES,5.0,1110,3.0,1739,3.0,1324,12828
Santa Fe,LA CAPITAL,214.0,42937,174.0,60178,117.0,51318,568259
Santa Fe,VERA,87.0,4985,92.0,6546,27.0,5536,55463
Santiago del Estero,AGUIRRE,10.0,804,13.0,1064,5.0,941,8959
Santiago del Estero,CHOYA,40.0,3746,48.0,5276,31.0,4520,43692
Santiago del Estero,QUEBRACHOS,27.0,1286,43.0,1585,14.0,1324,12336
Tucumán,RIO CHICO,30.0,5525,30.0,7740,25.0,6483,64927
Tucumán,SIMOCA,52.0,3132,52.0,4427,33.0,3591,36946
Buenos Aires,HURLINGHAM,60.0,11620,46.0,18866,48.0,16751,185361
Buenos Aires,25 DE MAYO,62.0,2706,47.0,3733,17.0,3238,35411
Buenos Aires,CORONEL SUAREZ,54.0,2881,34.0,4418,22.0,3537,41713
Buenos Aires,SAAVEDRA,26.0,1436,18.0,2109,10.0,1799,21407
Buenos Aires,MORENO,127.0,50791,134.0,76357,134.0,60359,575758
Buenos Aires,CARMEN DE ARECO,30.0,1443,19.0,1927,9.0,1709,17345
Buenos Aires,CORONEL PRINGLES,32.0,1890,24.0,2791,10.0,2166,24110
Buenos Aires,SAN NICOLAS,66.0,12727,56.0,17845,50.0,15225,166657
Buenos Aires,RAMALLO,16.0,3451,24.0,4707,11.0,4088,39648
Buenos Aires,9 DE JULIO,49.0,3963,38.0,5830,20.0,4999,52366
Buenos Aires,QUILMES,203.0,47353,146.0,70881,153.0,60085,631774
Buenos Aires,BERAZATEGUI,120.0,25806,92.0,41462,95.0,35467,358328
Buenos Aires,ESCOBAR,88.0,21900,75.0,31983,76.0,25714,256071
Buenos Aires,BAHIA BLANCA,124.0,22621,94.0,33944,80.0,28746,334505
Ciudad de Buenos Aires,CIUDAD DE BUENOS AIRES,1282.0,155314,878.0,236991,461.0,210663,3095454
Buenos Aires,MAIPU,14.0,861,12.0,1234,5.0,995,11253
Buenos Aires,CAPITAN SARMIENTO,17.0,1180,12.0,1713,6.0,1441,15882
Buenos Aires,AYACUCHO,26.0,1699,36.0,2442,12.0,2150,21757
Catamarca,LA PAZ,28.0,2352,51.0,3146,16.0,2844,26341
Corrientes,GENERAL PAZ,28.0,1425,27.0,1916,10.0,1636,17016
Corrientes,SAN MARTIN,17.0,1512,24.0,1980,8.0,1694,15164
Corrientes,SANTO TOME,50.0,6984,49.0,9454,17.0,7725,71922
Corrientes,BERON DE ASTRADA,2.0,231,4.0,301,2.0,288,2808
Corrientes,SAUCE,14.0,922,17.0,1251,5.0,1114,10382
Chaco,SAN FERNANDO,212.0,31821,135.0,45514,91.0,36791,413764
Chaco,BERMEJO,25.0,2560,28.0,3431,10.0,2793,28060
Chaco,2 DE ABRIL,8.0,745,17.0,895,3.0,768,8310
Chaco,GENERAL DONOVAN,13.0,1285,16.0,1794,4.0,1513,15061
Chubut,CUSHAMEN,20.0,2022,16.0,3216,12.0,2710,28099
Chubut,TEHUELCHES,4.0,464,3.0,754,2.0,546,5947
Chubut,RIO SENGUER,8.0,565,7.0,746,7.0,517,6347
Entre Ríos,GUALEGUAYCHU,114.0,9410,111.0,13745,36.0,11683,125176
Entre Ríos,VILLAGUAY,80.0,4679,93.0,6258,22.0,5445,55284
Entre Ríos,DIAMANTE,61.0,3847,56.0,5216,25.0,4404,52312
Formosa,MATACOS,5.0,1918,17.0,2539,7.0,2024,17017
Formosa,FORMOSA,110.0,21127,88.0,30764,51.0,26381,268572
Jujuy,SAN PEDRO,49.0,7205,40.0,10745,25.0,8540,88237
Jujuy,PALPALA,23.0,4800,22.0,7650,12.0,6532,65522
Jujuy,TILCARA,11.0,1063,9.0,1787,7.0,1565,14621
La Pampa,CHAPALEUFU,9.0,960,9.0,1353,9.0,1136,12277
La Pampa,CHALILEO,1.0,201,2.0,354,2.0,270,2868
La Pampa,CALEU CALEU,2.0,194,3.0,325,1.0,283,2611
La Rioja,CORONEL FELIPE VARELA,16.0,829,18.0,1249,6.0,1001,11371
La Rioja,GENERAL BELGRANO,17.0,621,20.0,784,15.0,728,7615
La Rioja,GENERAL JUAN F QUIROGA,19.0,337,25.0,406,19.0,417,4013
Mendoza,SANTA ROSA,34.0,1765,22.0,2509,4.0,1897,19379
Mendoza,MAIPU,85.0,18163,69.0,26442,30.0,21528,218887
Misiones,GUARANI,90.0,8802,139.0,11433,56.0,8836,77075
Misiones,GENERAL MANUEL BELGRANO,69.0,5458,85.0,6918,45.0,5169,45456
Misiones,SAN PEDRO,46.0,4462,76.0,5727,30.0,4161,34690
Neuquén,PICUNCHES,8.0,721,8.0,1097,2.0,793,8471
Neuquén,AÑELO,6.0,1908,8.0,2480,4.0,1881,18150
Neuquén,PICUN LEUFU,5.0,391,5.0,631,0.0,445,5087
Río Negro,PILCANIYEU,4.0,598,9.0,1107,4.0,821,9309
Salta,SAN CARLOS,15.0,674,15.0,1102,5.0,812,7779
Salta,CERRILLOS,23.0,5342,18.0,8047,8.0,6079,55713
San Juan,SANTA LUCIA,16.0,5620,18.0,7756,9.0,6279,62697
San Juan,POCITO,26.0,7282,27.0,10435,14.0,8555,72879
San Juan,JACHAL,32.0,2155,34.0,2781,27.0,2398,25269
San Luis,AYACUCHO,15.0,2003,44.0,2770,37.0,2471,23653
Santa Cruz,LAGO BUENOS AIRES,4.0,1298,3.0,1616,4.0,1174,12584
Santiago del Estero,AVELLANEDA,26.0,2758,44.0,3527,21.0,3231,25462
Santiago del Estero,MITRE,5.0,112,10.0,143,4.0,160,1440
Santiago del Estero,RIO HONDO,69.0,6377,68.0,8569,46.0,6856,66637
Tucumán,YERBA BUENA,37.0,8420,32.0,11860,29.0,10036,102589
Buenos Aires,JUNIN,61.0,7543,46.0,10433,34.0,8728,100964
Buenos Aires,JOSE C. PAZ,57.0,29597,62.0,42316,62.0,34014,326527
Buenos Aires,MALVINAS ARGENTINAS,85.0,25943,81.0,40319,86.0,34959,349401
Buenos Aires,TRENQUE LAUQUEN,57.0,4016,46.0,5326,16.0,4442,49128
Buenos Aires,MAGDALENA,30.0,1935,23.0,2768,15.0,2260,22653
Buenos Aires,BENITO JUAREZ,18.0,1608,13.0,2277,10.0,2015,21185
Buenos Aires,ALMIRANTE BROWN,156.0,43762,137.0,67913,145.0,58227,583209
Buenos Aires,PERGAMINO,77.0,8676,56.0,12264,39.0,10389,114988
Buenos Aires,VICENTE LOPEZ,150.0,14893,76.0,22610,67.0,21312,280541
Buenos Aires,ADOLFO GONZALES CHAVES,24.0,950,16.0,1401,10.0,1170,12847
Buenos Aires,LANUS,146.0,28133,116.0,44506,114.0,39855,460081
Buenos Aires,MAR CHIQUITA,29.0,2519,26.0,3622,11.0,3044,32973
Buenos Aires,LOBOS,49.0,3294,35.0,4668,15.0,4035,41418
Buenos Aires,BERISSO,26.0,7704,28.0,11779,26.0,9722,100685
Buenos Aires,GENERAL LAVALLE,13.0,419,9.0,636,3.0,493,4846
Buenos Aires,SAN ISIDRO,142.0,17057,90.0,26323,87.0,25052,295978
Buenos Aires,TORDILLO,6.0,244,5.0,298,1.0,231,2528
Catamarca,SANTA ROSA,7.0,1154,25.0,1476,8.0,1361,13317
Córdoba,GENERAL SAN MARTIN,82.0,12494,80.0,16719,35.0,13699,152397
Córdoba,RIO SEGUNDO,64.0,8823,73.0,12120,46.0,10358,113311
Córdoba,MARCOS JUAREZ,69.0,7791,82.0,10712,35.0,9015,107286
Córdoba,PRESIDENTE ROQUE SAENZ PEÑA,33.0,2907,33.0,4130,15.0,3526,37551
Corrientes,SAN LUIS DEL PALMAR,36.0,1862,40.0,2392,7.0,2129,21381
Corrientes,SAN COSME,22.0,1633,20.0,2191,6.0,1708,19679
Corrientes,PASO DE LOS LIBRES,33.0,5442,35.0,7451,10.0,6405,56778
Corrientes,CONCEPCION,26.0,2791,29.0,3721,5.0,3145,26270
Chaco,COMANDANTE FERNANDEZ,54.0,8579,65.0,12218,28.0,10680,101086
Entre Ríos,ISLAS DEL IBICUY,25.0,1271,25.0,1790,7.0,1491,13984
Entre Ríos,LA PAZ,85.0,6549,97.0,9094,28.0,7510,75271
La Pampa,LOVENTUE,6.0,647,7.0,993,7.0,858,9243
La Pampa,CURACO,2.0,99,2.0,125,2.0,90,1103
La Rioja,SANAGASTA,1.0,230,1.0,361,1.0,270,2994
La Rioja,GENERAL LAMADRID,2.0,158,2.0,191,1.0,187,1885
La Rioja,VINCHINA,6.0,224,7.0,294,4.0,257,2695
La Rioja,CHAMICAL,13.0,1307,24.0,1589,14.0,1472,15630
La Rioja,GENERAL SAN MARTIN,14.0,394,23.0,643,16.0,550,5017
Mendoza,RIVADAVIA,43.0,5261,31.0,7683,9.0,6036,63589
Mendoza,TUNUYAN,42.0,5158,31.0,7833,9.0,6153,59972
Misiones,LEANDRO N. ALEM,57.0,4430,64.0,6082,37.0,4879,49391
Misiones,IGUAZU,76.0,10641,75.0,14290,20.0,10929,99838
Misiones,LIBERTADOR GRL SAN MARTIN,53.0,5227,55.0,6927,22.0,5525,52166
Misiones,SAN IGNACIO,66.0,6498,74.0,8670,33.0,6716,63194
Neuquén,ALUMINE,8.0,878,8.0,1208,3.0,1021,10173
Neuquén,MINAS,5.0,737,12.0,1061,3.0,831,9267
Río Negro,CONESA,9.0,605,9.0,840,2.0,630,7398
Salta,MOLINOS,8.0,516,8.0,837,5.0,706,5808
San Juan,25 DE MAYO,22.0,2294,21.0,2998,16.0,2605,20824
San Luis,BELGRANO,7.0,444,25.0,651,26.0,545,5575
Santa Cruz,LAGO ARGENTINO,8.0,2180,7.0,3312,7.0,2596,25384
Santa Cruz,RIO CHICO,3.0,585,3.0,874,3.0,653,6271
Santiago del Estero,JUAN F IBARRA,31.0,2152,48.0,3004,17.0,2585,20567
Santiago del Estero,GUASAYAN,18.0,900,23.0,1095,15.0,941,9251
Tucumán,LULES,40.0,8542,32.0,12694,22.0,9951,93464
Tucumán,TUCUMÁN CAPITAL,233.0,44089,138.0,60342,135.0,50598,587289
Tucumán,BURRUYACU,57.0,4330,57.0,6034,44.0,4942,45459
Tucumán,JUAN B ALBERDI,19.0,2908,19.0,4124,13.0,3462,34745
Buenos Aires,AZUL,57.0,5390,55.0,8219,27.0,7066,75152
Buenos Aires,MORON,150.0,18044,90.0,28780,86.0,26584,329517
Buenos Aires,PATAGONES,35.0,2857,30.0,4262,15.0,3335,37499
Buenos Aires,TRES ARROYOS,52.0,4260,43.0,6392,22.0,5392,61889
Buenos Aires,SAN FERNANDO,87.0,11498,55.0,17900,46.0,15461,171099
Buenos Aires,PILAR,132.0,34493,108.0,49944,102.0,41528,393614
Buenos Aires,ARRECIFES,29.0,2644,20.0,3542,10.0,2961,32077
Buenos Aires,NAVARRO,29.0,1501,30.0,2341,9.0,2082,19888
Buenos Aires,PUAN,25.0,998,18.0,1459,13.0,1232,16391
Buenos Aires,NECOCHEA,62.0,6914,51.0,10545,36.0,9347,101483
Buenos Aires,HIPOLITO YRIGOYEN,9.0,789,8.0,1110,5.0,965,10581
Buenos Aires,BARADERO,39.0,3225,27.0,4372,19.0,3818,39223
Buenos Aires,GENERAL GUIDO,7.0,236,14.0,338,3.0,304,3157
Buenos Aires,SUIPACHA,22.0,981,14.0,1328,6.0,1257,11736
Buenos Aires,GENERAL BELGRANO,20.0,1618,16.0,2272,9.0,1893,20674
Buenos Aires,TORNQUIST,27.0,997,20.0,1549,11.0,1238,14591
Catamarca,PACLIN,15.0,317,13.0,512,5.0,450,4696
Catamarca,TINOGASTA,30.0,2024,39.0,2784,14.0,2684,25254
Catamarca,ANTOFAGASTA DE LA SIERRA,4.0,142,4.0,241,1.0,174,1822
Catamarca,VALLE VIEJO,15.0,2667,18.0,3862,12.0,3346,33951
Córdoba,RIO PRIMERO,63.0,5303,74.0,6664,28.0,5637,58181
Córdoba,SAN JUSTO,158.0,17737,172.0,24255,84.0,21387,228951
Córdoba,UNION,90.0,8748,98.0,12013,41.0,10336,113635
Córdoba,TERCERO ARRIBA,66.0,9114,70.0,12660,39.0,10615,120207
Córdoba,ISCHILIN,37.0,3125,41.0,4159,10.0,3859,36023
Corrientes,GOYA,82.0,9035,94.0,12729,25.0,11020,106223
Chaco,QUITILIPI,24.0,3168,43.0,3819,12.0,3539,32430
Chaco,12 DE OCTUBRE,24.0,2262,31.0,2851,12.0,2323,23179
Chaco,PRESIDENCIA DE LA PLAZA,10.0,1353,15.0,1853,4.0,1510,13938
Chaco,1§ DE MAYO,9.0,1360,12.0,1810,4.0,1262,14265
Entre Ríos,PARANA,251.0,27975,225.0,40780,119.0,34203,388716
Formosa,PIRANE,69.0,6830,98.0,9417,61.0,7940,72560
Formosa,RAMON LISTA,6.0,2421,23.0,3239,11.0,2578,17678
Jujuy,SANTA CATALINA,8.0,282,8.0,350,4.0,304,2641
La Pampa,UTRACAN,12.0,1321,14.0,2084,10.0,1668,17686
La Rioja,SAN BLAS DE LOS SAUCES,6.0,345,7.0,501,4.0,422,4306
La Rioja,GENERAL OCAMPO,9.0,567,29.0,765,6.0,696,7347
Misiones,SAN JAVIER,32.0,2346,40.0,3294,9.0,2470,23080
Neuquén,CHOS MALAL,10.0,1298,18.0,2162,2.0,1701,18289
Río Negro,VALCHETA,6.0,337,8.0,457,4.0,367,4300
Salta,ROSARIO DE LERMA,30.0,4735,30.0,6604,8.0,5208,50961
Salta,LA CANDELARIA,6.0,596,7.0,904,3.0,755,7182
Salta,LA CALDERA,14.0,966,8.0,1430,3.0,1076,12246
Salta,LA POMA,5.0,167,5.0,260,2.0,234,1789
San Juan,SAN JUAN CAPITAL,62.0,7849,59.0,10619,50.0,9248,114849
San Juan,ALBARDON,13.0,2958,13.0,4253,8.0,3543,31281
San Juan,CALINGASTA,16.0,1104,17.0,1476,14.0,1116,10667
San Juan,ULLUM,2.0,614,2.0,864,1.0,704,6454
San Luis,CORONEL PRINGLES,12.0,1180,22.0,1710,25.0,1641,16044
Santa Fe,GENERAL LOPEZ,102.0,14884,103.0,20764,54.0,17525,200455
Santa Fe,9 DE JULIO,61.0,2720,77.0,3636,16.0,3285,30942
Santa Fe,LAS COLONIAS,109.0,8519,105.0,11728,40.0,10201,114730
Santa Fe,CASEROS,33.0,5966,37.0,8294,27.0,7108,86261
Santa Fe,BELGRANO,19.0,3597,28.0,4903,14.0,4293,48544
Santa Fe,GARAY,20.0,2349,22.0,2920,8.0,2238,24853
Santa Fe,SAN MARTIN,47.0,5177,52.0,7148,21.0,5857,67299
Santiago del Estero,BANDA,120.0,16118,104.0,21600,62.0,17110,170401
Santiago del Estero,SALAVINA,26.0,1294,36.0,1746,19.0,1654,12775
Santiago del Estero,SILIPICA,14.0,861,16.0,1173,14.0,1076,9766
Santiago del Estero,COPO,33.0,3908,78.0,4966,19.0,4367,35653
Santiago del Estero,JIMENEZ,27.0,1847,39.0,2376,31.0,2055,18622
Tucumán,TRANCAS,24.0,2185,24.0,2854,17.0,2478,23438
Tucumán,TAFI VIEJO,61.0,15052,49.0,21744,36.0,17829,172877
Tucumán,MONTEROS,43.0,6523,40.0,9280,23.0,7910,77469
Buenos Aires,GENERAL PINTO,15.0,1104,13.0,1321,7.0,1175,12842
Buenos Aires,PEHUAJO,36.0,3474,34.0,4827,17.0,4284,44594
Buenos Aires,LOMAS DE ZAMORA,199.0,50825,178.0,76967,188.0,65257,685644
Buenos Aires,EZEIZA,63.0,17155,44.0,25615,44.0,21089,198620
Buenos Aires,ENSENADA,28.0,4917,18.0,7776,16.0,6660,63978
Buenos Aires,MERCEDES,46.0,5457,40.0,7882,24.0,6753,71002
Buenos Aires,CORONEL DORREGO,30.0,1131,20.0,1609,10.0,1418,15795
Buenos Aires,LA COSTA,34.0,7455,25.0,11364,21.0,10072,100400
Buenos Aires,CARLOS CASARES,34.0,1731,23.0,2491,14.0,2110,22905
Buenos Aires,PRESIDENTE PERON,22.0,10170,19.0,14476,17.0,11730,101994
Buenos Aires,SAN ANDRES DE GILES,44.0,2151,29.0,3031,16.0,2583,26399
Buenos Aires,GENERAL RODRIGUEZ,46.0,14137,33.0,20970,33.0,15698,142315
Buenos Aires,GENERAL ALVEAR,18.0,758,26.0,1137,6.0,912,10150
Buenos Aires,SALADILLO,37.0,2716,37.0,3785,13.0,3339,35423
Buenos Aires,GENERAL LAS HERAS,27.0,1466,16.0,2054,6.0,1823,17980
Buenos Aires,TRES LOMAS,12.0,682,7.0,989,4.0,831,9090
Catamarca,ANDALGALA,17.0,1535,26.0,2037,12.0,2051,19545
Catamarca,CATAMARCA CAPITAL,51.0,14250,46.0,20132,35.0,17544,186466
Catamarca,POMAN,14.0,988,20.0,1480,8.0,1321,12219
Catamarca,FRAY MAMERTO ESQUIU,10.0,1207,10.0,1651,5.0,1397,14624
Córdoba,CÓRDOBA CAPITAL,437.0,105777,388.0,149261,290.0,132716,1498060
Córdoba,SANTA MARIA,70.0,12002,70.0,16655,43.0,13320,139012
Córdoba,CRUZ DEL EJE,73.0,5650,81.0,7539,21.0,6409,64748
Córdoba,TOTORAL,25.0,1943,34.0,2627,11.0,2260,22473
Córdoba,GENERAL ROCA,29.0,2905,35.0,3828,16.0,3338,36064
Corrientes,EMPEDRADO,24.0,1574,36.0,2041,6.0,1795,17948
Corrientes,LAVALLE,38.0,4432,37.0,5545,14.0,4384,40406
Corrientes,SALADAS,26.0,2703,26.0,3566,8.0,3134,29126
Corrientes,SAN MIGUEL,13.0,1287,14.0,1758,6.0,1480,12700
Chaco,25 DE MAYO,16.0,3301,33.0,4543,8.0,3788,32606
Chaco,FRAY JUSTO SANTA MARIA DE ORO,15.0,968,19.0,1305,4.0,1039,10643
Chubut,ESCALANTE,97.0,16668,62.0,25207,44.0,20255,214829
Chubut,FUTALEUFU,32.0,3522,23.0,5702,19.0,4656,49965
Chubut,GASTRE,3.0,83,3.0,108,5.0,97,1181
Entre Ríos,NOGOYA,78.0,3364,90.0,4731,25.0,3961,42954
Formosa,PATIÑO,80.0,8070,104.0,11476,53.0,8864,81600
Formosa,PILCOMAYO,69.0,8934,58.0,11883,43.0,9453,94116
Formosa,PILAGAS,25.0,1864,33.0,2530,18.0,2118,19089
Formosa,BERMEJO,29.0,1763,42.0,2371,20.0,1864,15600
Jujuy,SANTA BARBARA,15.0,1905,15.0,2848,9.0,2152,20497
La Pampa,TRENEL,4.0,435,4.0,580,4.0,495,5637
La Pampa,CONHELO,10.0,1023,10.0,1567,9.0,1227,15094
La Pampa,CHICAL CO,2.0,110,2.0,180,2.0,163,1461
La Pampa,HUCAL,5.0,486,5.0,693,4.0,617,7713
Mendoza,SAN CARLOS,45.0,3475,29.0,5109,11.0,4018,39752
Mendoza,LUJAN DE CUYO,66.0,13914,56.0,20822,23.0,17463,171883
Mendoza,TUPUNGATO,25.0,3810,22.0,5685,9.0,4481,41168
Misiones,APOSTOLES,32.0,5262,32.0,6783,12.0,5453,50503
Neuquén,PEHUENCHES,10.0,2678,15.0,4093,5.0,3242,29721
Neuquén,COLLON CURA,4.0,360,4.0,535,1.0,461,4832
Neuquén,HUILICHES,10.0,1713,8.0,2530,4.0,1973,20853
Río Negro,ADOLFO ALSINA,54.0,4517,35.0,7124,21.0,6046,63845
San Juan,CHIMBAS,21.0,9879,26.0,13494,19.0,11469,103772
San Juan,SAN MARTIN,12.0,1586,12.0,2165,5.0,1718,15037
San Juan,ANGACO,12.0,969,12.0,1380,8.0,1164,10172
San Luis,JUNIN,21.0,2825,30.0,4272,34.0,3956,40289
Santa Cruz,GUER AIKE,39.0,10573,42.0,16392,33.0,13731,137309
Santa Fe,IRIONDO,41.0,5742,50.0,7768,23.0,6189,73636
Santa Fe,SAN JUSTO,45.0,3766,50.0,5112,17.0,4294,46486
Santa Fe,SAN LORENZO,53.0,16356,58.0,22850,40.0,17689,193786
Santiago del Estero,PELLEGRINI,51.0,2632,72.0,3634,40.0,2937,26193
Santiago del Estero,OJO DE AGUA,29.0,1392,45.0,1714,10.0,1633,15008
Santiago del Estero,SAN MARTIN,26.0,1183,35.0,1602,20.0,1480,11183
Tucumán,LA COCHA,17.0,1894,18.0,2557,13.0,2282,21196
