Provincia,Departamento,Dominio_mas_frecuente
Chaco,2 DE ABRIL,yahoo
Misiones,25 DE MAYO,yahoo
Chaco,9 DE JULIO,hotmail
Buenos Aires,ADOLFO ALSINA,hotmail
Buenos Aires,ADOLFO GONZALES CHAVES,yahoo
Buenos Aires,ALBERTI,hotmail
Buenos Aires,ALMIRANTE BROWN,yahoo
Buenos Aires,ARRECIFES,yahoo
La Pampa,ATREUCO,gmail
Buenos Aires,AVELLANEDA,yahoo
Buenos Aires,AZUL,bibliotecaronco
Neuquén,AÑELO,yahoo
Buenos Aires,BAHIA BLANCA,yahoo
Buenos Aires,BALCARCE,yahoo
Santiago del Estero,BANDA,hotmail
Río Negro,BARILOCHE,bariloche
Santa Fe,BELGRANO,hotmail
Buenos Aires,BENITO JUAREZ,gmail
Buenos Aires,BERAZATEGUI,yahoo
Buenos Aires,BERISSO,yahoo
Chaco,BERMEJO,yahoo
Chubut,BIEDMA,hotmail
Buenos Aires,BOLIVAR,yahoo
Buenos Aires,BRAGADO,yahoo
Buenos Aires,BRANDSEN,hotmail
Córdoba,CALAMUCHITA,gmail
La Pampa,CALEU CALEU,hotmail
Buenos Aires,CAMPANA,yahoo
Misiones,CANDELARIA,gmail
Catamarca,CAPAYAN,yahoo
Buenos Aires,CAPITAN SARMIENTO,hotmail
Buenos Aires,CARLOS CASARES,hotmail
Buenos Aires,CARLOS TEJEDOR,yahoo
Buenos Aires,CARMEN DE ARECO,yahoo
Santa Fe,CASEROS,gmail
Santa Fe,CASTELLANOS,hotmail
Buenos Aires,CASTELLI,yahoo
Neuquén,CATAN LIL,yahoo
La Pampa,CATRILO,yahoo
Buenos Aires,CAÑUELAS,hotmail
Salta,CERRILLOS,yahoo
San Luis,CHACABUCO,hotmail
La Rioja,CHAMICAL,hotmail
La Pampa,CHAPALEUFU,gmail
La Rioja,CHILECITO,gmail
Buenos Aires,CHIVILCOY,hotmail
Neuquén,CHOS MALAL,yahoo
Ciudad de Buenos Aires,CIUDAD DE BUENOS AIRES,yahoo
Jujuy,COCHINOCA,yahoo
Córdoba,COLON,hotmail
Chaco,COMANDANTE FERNANDEZ,hotmail
Corrientes,CONCEPCION,hotmail
Entre Ríos,CONCORDIA,hotmail
Río Negro,CONESA,gmail
Neuquén,CONFLUENCIA,gmail
La Pampa,CONHELO,yahoo
Santa Fe,CONSTITUCION,gmail
Buenos Aires,CORONEL DE MARINA L ROSALES,gmail
Buenos Aires,CORONEL DORREGO,altisa
San Luis,CORONEL PRINGLES,hotmail
Buenos Aires,CORONEL SUAREZ,gmail
Corrientes,CORRIENTES CAPITAL,yahoo
Tucumán,CRUZ ALTA,hotmail
Corrientes,CURUZU CUATIA,gmail
Chubut,CUSHAMEN,gmail
Córdoba,CÓRDOBA CAPITAL,yahoo
Santa Cruz,DESEADO,hotmail
Entre Ríos,DIAMANTE,yahoo
Jujuy,DOCTOR MANUEL BELGRANO,imagine
Jujuy,EL CARMEN,gmail
Misiones,ELDORADO,hotmail
Buenos Aires,ENSENADA,yahoo
Chubut,ESCALANTE,hotmail
Buenos Aires,ESCOBAR,gmail
Buenos Aires,ESTEBAN ECHEVERRIA,gmail
Buenos Aires,EZEIZA,gmail
Entre Ríos,FEDERACION,outlook
Entre Ríos,FEDERAL,hotmail
Buenos Aires,FLORENCIO VARELA,yahoo
Formosa,FORMOSA,hotmail
Catamarca,FRAY MAMERTO ESQUIU,yahoo
Chubut,FUTALEUFU,yahoo
Chubut,GAIMAN,gmail
Santa Fe,GARAY,yahoo
Buenos Aires,GENERAL ALVARADO,yahoo
Buenos Aires,GENERAL ALVEAR,yahoo
Chaco,GENERAL BELGRANO,gmail
Chaco,GENERAL DONOVAN,hotmail
Salta,GENERAL GUEMES,gmail
Salta,GENERAL JOSE DE SAN MARTIN,yahoo
San Luis,GENERAL JUAN MARTIN DE PUEYRREDON,yahoo
Buenos Aires,GENERAL LA MADRID,yahoo
Buenos Aires,GENERAL LAVALLE,hotmail
Santa Fe,GENERAL LOPEZ,hotmail
Santa Fe,GENERAL OBLIGADO,hotmail
Corrientes,GENERAL PAZ,hotmail
San Luis,GENERAL PEDERNERA,yahoo
Buenos Aires,GENERAL PINTO,yahoo
Río Negro,GENERAL ROCA,hotmail
Córdoba,GENERAL SAN MARTIN,hotmail
Santiago del Estero,GENERAL TABOADA,hotmail
Buenos Aires,GENERAL VIAMONTE,yahoo
Buenos Aires,GENERAL VILLEGAS,yahoo
Mendoza,GODOY CRUZ,hotmail
Corrientes,GOYA,gmail
Entre Ríos,GUALEGUAY,arnet
Entre Ríos,GUALEGUAYCHU,hotmail
Buenos Aires,GUAMINI,hotmail
La Pampa,GUATRACHE,yahoo
Mendoza,GUAYMALLEN,yahoo
Santa Cruz,GUER AIKE,yahoo
Buenos Aires,HIPOLITO YRIGOYEN,yahoo
La Pampa,HUCAL,cooparauz
Neuquén,HUILICHES,yahoo
Buenos Aires,HURLINGHAM,yahoo
San Juan,IGLESIA,yahoo
Santa Fe,IRIONDO,hotmail
Córdoba,ISCHILIN,intinet
Entre Ríos,ISLAS DEL IBICUY,hotmail
Corrientes,ITUZAINGO,hotmail
Santiago del Estero,JIMENEZ,gmail
Córdoba,JUAREZ CELMAN,yahoo
Buenos Aires,JUNIN,gmail
Salta,LA CALDERA,yahoo
Salta,LA CANDELARIA,gmail
Santa Fe,LA CAPITAL,gmail
Buenos Aires,LA COSTA,yahoo
Buenos Aires,LA MATANZA,yahoo
La Pampa,LA PAMPA CAPITAL,gmail
Entre Ríos,LA PAZ,hotmail
Buenos Aires,LA PLATA,hotmail
La Rioja,LA RIOJA CAPITAL,hotmail
Neuquén,LACAR,smandes
Santa Cruz,LAGO ARGENTINO,yahoo
Santa Cruz,LAGO BUENOS AIRES,yahoo
Buenos Aires,LANUS,hotmail
Buenos Aires,LAPRIDA,yahoo
Santa Fe,LAS COLONIAS,hotmail
Mendoza,LAS HERAS,yahoo
Mendoza,LAVALLE,hotmail
Tucumán,LEALES,gmail
Buenos Aires,LEANDRO N. ALEM,live
Chaco,LIBERTADOR GENERAL SAN MARTIN,yahoo
Misiones,LIBERTADOR GRL SAN MARTIN,yahoo
Buenos Aires,LINCOLN,hotmail
Buenos Aires,LOBERIA,gmail
Buenos Aires,LOBOS,yahoo
Buenos Aires,LOMAS DE ZAMORA,yahoo
Santiago del Estero,LORETO,hotmail
La Pampa,LOVENTUE,hotmail
Buenos Aires,LUJAN,gmail
Mendoza,LUJAN DE CUYO,yahoo
Buenos Aires,MAGDALENA,gmail
Mendoza,MAIPU,gmail
Buenos Aires,MALVINAS ARGENTINAS,gmail
Buenos Aires,MAR CHIQUITA,yahoo
La Pampa,MARACO,yahoo
Córdoba,MARCOS JUAREZ,yahoo
Buenos Aires,MARCOS PAZ,gmail
Chaco,MAYOR LUIS J FONTANA,vai
Mendoza,MENDOZA CAPITAL,gmail
Corrientes,MERCEDES,gmail
Buenos Aires,MERLO,bibliotecaguiraldes
Salta,METAN,yahoo
Neuquén,MINAS,yahoo
Misiones,MISIONES CAPITAL,arnetbiz
Buenos Aires,MONTE,hotmail
Corrientes,MONTE CASEROS,hotmail
Misiones,MONTECARLO,yahoo
Tucumán,MONTEROS,yahoo
Buenos Aires,MORENO,hotmail
Buenos Aires,MORON,hotmail
Buenos Aires,NAVARRO,yahoo
Buenos Aires,NECOCHEA,hotmail
Entre Ríos,NOGOYA,hotmail
Chaco,O HIGGINS,yahoo
Misiones,OBERA,yahoo
Buenos Aires,OLAVARRIA,gmail
Entre Ríos,PARANA,gmail
Corrientes,PASO DE LOS LIBRES,arnet
Buenos Aires,PATAGONES,yahoo
Formosa,PATIÑO,hotmail
Buenos Aires,PEHUAJO,gmail
Neuquén,PEHUENCHES,hotmail
Buenos Aires,PERGAMINO,hotmail
Buenos Aires,PILAR,yahoo
Río Negro,PILCANIYEU,gmail
Formosa,PILCOMAYO,hotmail
Buenos Aires,PINAMAR,telpin
Formosa,PIRANE,hotmail
Chaco,PRESIDENCIA DE LA PLAZA,hotmail
Córdoba,PRESIDENTE ROQUE SAENZ PEÑA,hotmail
Buenos Aires,PUAN,yahoo
Córdoba,PUNILLA,gmail
La Pampa,QUEMU QUEMU,yahoo
Buenos Aires,QUILMES,yahoo
Chaco,QUITILIPI,hotmail
Buenos Aires,RAMALLO,hotmail
La Pampa,RANCUL,hotmail
Buenos Aires,RAUCH,yahoo
Chubut,RAWSON,hotmail
La Pampa,REALICO,hotmail
Córdoba,RIO CUARTO,hotmail
Tierra del Fuego,RIO GRANDE,hotmail
Santiago del Estero,RIO HONDO,hotmail
Córdoba,RIO PRIMERO,hotmail
Córdoba,RIO SEGUNDO,yahoo
Mendoza,RIVADAVIA,hotmail
Santiago del Estero,ROBLES,gmail
Buenos Aires,ROQUE PEREZ,yahoo
Santa Fe,ROSARIO,hotmail
Buenos Aires,SAAVEDRA,gmail
Salta,SALTA CAPITAL,hotmail
Buenos Aires,SALTO,hotmail
Córdoba,SAN ALBERTO,ordendelcolmenar
Jujuy,SAN ANTONIO,hotmail
Buenos Aires,SAN ANTONIO DE ARECO,yahoo
Mendoza,SAN CARLOS,yahoo
Corrientes,SAN COSME,gmail
Santa Fe,SAN CRISTOBAL,gmail
Chaco,SAN FERNANDO,hotmail
Misiones,SAN IGNACIO,gmail
Buenos Aires,SAN ISIDRO,yahoo
Córdoba,SAN JAVIER,yahoo
Santa Fe,SAN JERONIMO,hotmail
San Juan,SAN JUAN CAPITAL,hotmail
Santa Fe,SAN JUSTO,gmail
Santa Fe,SAN LORENZO,gmail
Corrientes,SAN LUIS DEL PALMAR,bepe
Mendoza,SAN MARTIN,yahoo
Buenos Aires,SAN MIGUEL,hotmail
Buenos Aires,SAN NICOLAS,gmail
Jujuy,SAN PEDRO,hotmail
Mendoza,SAN RAFAEL,yahoo
Entre Ríos,SAN SALVADOR,gmail
Buenos Aires,SAN VICENTE,yahoo
San Juan,SANTA LUCIA,yahoo
Córdoba,SANTA MARIA,gmail
Mendoza,SANTA ROSA,gmail
Salta,SANTA VICTORIA,gmail
Santiago del Estero,SANTIAGO DEL ESTERO CAPITAL,hotmail
Corrientes,SANTO TOME,cableat
Chaco,SARGENTO CABRAL,yahoo
Chubut,SARMIENTO,yahoo
Buenos Aires,SUIPACHA,yahoo
Entre Ríos,TALA,gmail
Buenos Aires,TANDIL,yahoo
Buenos Aires,TAPALQUE,tapalque
Chubut,TEHUELCHES,hotmail
Córdoba,TERCERO ARRIBA,hotmail
Buenos Aires,TIGRE,yahoo
La Pampa,TOAY,cpenet
Buenos Aires,TORNQUIST,gmail
La Pampa,TRENEL,yahoo
Buenos Aires,TRENQUE LAUQUEN,yahoo
Buenos Aires,TRES ARROYOS,hotmail
Buenos Aires,TRES DE FEBRERO,hotmail
Tucumán,TUCUMÁN CAPITAL,gmail
Mendoza,TUNUYAN,yahoo
Mendoza,TUPUNGATO,gmail
San Juan,ULLUM,gmail
Córdoba,UNION,yahoo
Entre Ríos,URUGUAY,yahoo
La Pampa,UTRACAN,yahoo
Río Negro,VALCHETA,yahoo
San Juan,VALLE FERTIL,hotmail
Catamarca,VALLE VIEJO,hotmail
Santa Fe,VERA,csdnet
Buenos Aires,VICENTE LOPEZ,yahoo
Entre Ríos,VILLAGUAY,gmail
Buenos Aires,VILLARINO,yahoo
Tucumán,YERBA BUENA,yahoo
Buenos Aires,ZARATE,hotmail
Neuquén,ÑORQUIN,hotmail
Río Negro,ÑORQUINCO,gmail
